{"cameraMode":{"drawMode":0,"name":"Shaded","section":"Shading Mode"},"sceneLighting":false,"audioPlay":false,"sceneViewState":{"showFog":true,"showMaterialUpdate":false,"showSkybox":false,"showFlares":true,"showImageEffects":true,"showParticleSystems":true},"in2DMode":false,"pivot":{"x":2.7501285076141359,"y":-1.6156060695648194,"z":-0.5460950136184692},"rotation":{"x":0.24974781274795533,"y":-0.06095516309142113,"z":0.015754971653223039,"w":0.9662618637084961},"size":3.8575994968414308,"orthographic":false}